{
  "ACT-A_A_only__envA": {
    "tag": "ACT-A (A only)",
    "env": "A",
    "chunk_size": 10,
    "n_windows": 3000,
    "l1_raw": 0.09036290964226444,
    "mse_raw": 0.046683569067418794,
    "first_step_l1": 0.08704468936011904,
    "gripper_acc": 0.9471823363879067,
    "per_dim_l1": [
      0.090676,
      0.073991,
      0.075682,
      0.090434,
      0.087054,
      0.10668,
      0.108023
    ],
    "per_chunk_step_l1": [
      0.087045,
      0.090432,
      0.087785,
      0.086983,
      0.087392,
      0.088226,
      0.091039,
      0.09286,
      0.094659,
      0.098756
    ]
  },
  "ACT-A_A_only__envB": {
    "tag": "ACT-A (A only)",
    "env": "B",
    "chunk_size": 10,
    "n_windows": 3000,
    "l1_raw": 0.19756988824066007,
    "mse_raw": 0.15389226437964162,
    "first_step_l1": 0.1628945545014881,
    "gripper_acc": 0.8379090154767488,
    "per_dim_l1": [
      0.183157,
      0.143021,
      0.155945,
      0.131753,
      0.1471,
      0.296117,
      0.325893
    ],
    "per_chunk_step_l1": [
      0.162895,
      0.171801,
      0.178115,
      0.186123,
      0.192634,
      0.200288,
      0.20888,
      0.220932,
      0.22977,
      0.236629
    ]
  },
  "ACT-A_A_only__envC": {
    "tag": "ACT-A (A only)",
    "env": "C",
    "chunk_size": 10,
    "n_windows": 3000,
    "l1_raw": 0.16252165737393365,
    "mse_raw": 0.11881942334414529,
    "first_step_l1": 0.1396669689360119,
    "gripper_acc": 0.8750045157328131,
    "per_dim_l1": [
      0.161013,
      0.129412,
      0.132018,
      0.114614,
      0.121088,
      0.227541,
      0.25196
    ],
    "per_chunk_step_l1": [
      0.139667,
      0.145332,
      0.152457,
      0.156433,
      0.163631,
      0.167009,
      0.171468,
      0.174255,
      0.179804,
      0.182404
    ]
  },
  "ACT-ABC_ABC__envA": {
    "tag": "ACT-ABC (A+B+C)",
    "env": "A",
    "chunk_size": 10,
    "n_windows": 3000,
    "l1_raw": 0.1024100225291971,
    "mse_raw": 0.05817563089966036,
    "first_step_l1": 0.09473823474702381,
    "gripper_acc": 0.9339779204848835,
    "per_dim_l1": [
      0.105648,
      0.079322,
      0.083418,
      0.094611,
      0.093483,
      0.126781,
      0.133606
    ],
    "per_chunk_step_l1": [
      0.094738,
      0.100107,
      0.099073,
      0.098303,
      0.10039,
      0.10162,
      0.105091,
      0.107349,
      0.108128,
      0.111739
    ]
  },
  "ACT-ABC_ABC__envB": {
    "tag": "ACT-ABC (A+B+C)",
    "env": "B",
    "chunk_size": 10,
    "n_windows": 3000,
    "l1_raw": 0.11910174026454264,
    "mse_raw": 0.07219108669659284,
    "first_step_l1": 0.10930335053943452,
    "gripper_acc": 0.9182870954940654,
    "per_dim_l1": [
      0.117933,
      0.09081,
      0.101953,
      0.110492,
      0.108086,
      0.139491,
      0.164947
    ],
    "per_chunk_step_l1": [
      0.109303,
      0.113213,
      0.113591,
      0.116474,
      0.118427,
      0.120046,
      0.121835,
      0.124204,
      0.126287,
      0.130884
    ]
  },
  "ACT-ABC_ABC__envC": {
    "tag": "ACT-ABC (A+B+C)",
    "env": "C",
    "chunk_size": 10,
    "n_windows": 3000,
    "l1_raw": 0.104586115750489,
    "mse_raw": 0.05860583563313154,
    "first_step_l1": 0.09686192103794643,
    "gripper_acc": 0.9306744698529678,
    "per_dim_l1": [
      0.102543,
      0.081378,
      0.089126,
      0.097675,
      0.096856,
      0.124107,
      0.140416
    ],
    "per_chunk_step_l1": [
      0.096862,
      0.099237,
      0.101437,
      0.101881,
      0.103291,
      0.105311,
      0.107378,
      0.107944,
      0.111074,
      0.114115
    ]
  },
  "ABC-H5__envA": {
    "tag": "ABC-H5",
    "env": "A",
    "chunk_size": 5,
    "n_windows": 3000,
    "l1_raw": 0.09727862373189121,
    "mse_raw": 0.04938347191965519,
    "first_step_l1": 0.09145205543154762,
    "gripper_acc": 0.9470848300635535,
    "per_dim_l1": [
      0.100635,
      0.079339,
      0.08589,
      0.095369,
      0.093924,
      0.118713,
      0.10708
    ],
    "per_chunk_step_l1": [
      0.091452,
      0.097201,
      0.097815,
      0.09961,
      0.10069
    ]
  },
  "ABC-H5__envB": {
    "tag": "ABC-H5",
    "env": "B",
    "chunk_size": 5,
    "n_windows": 3000,
    "l1_raw": 0.11222629979525979,
    "mse_raw": 0.059365151461223856,
    "first_step_l1": 0.10609154110863095,
    "gripper_acc": 0.9427762821840271,
    "per_dim_l1": [
      0.113406,
      0.091885,
      0.102212,
      0.111855,
      0.108822,
      0.14099,
      0.116415
    ],
    "per_chunk_step_l1": [
      0.106092,
      0.110585,
      0.111365,
      0.114786,
      0.11882
    ]
  },
  "ABC-H5__envC": {
    "tag": "ABC-H5",
    "env": "C",
    "chunk_size": 5,
    "n_windows": 3000,
    "l1_raw": 0.09898340575979182,
    "mse_raw": 0.04838450009557518,
    "first_step_l1": 0.0944538341703869,
    "gripper_acc": 0.948549723756906,
    "per_dim_l1": [
      0.09916,
      0.081564,
      0.091268,
      0.098042,
      0.097058,
      0.121178,
      0.104614
    ],
    "per_chunk_step_l1": [
      0.094454,
      0.097135,
      0.098929,
      0.100196,
      0.104621
    ]
  },
  "ABC-H10__envA": {
    "tag": "ABC-H10",
    "env": "A",
    "chunk_size": 10,
    "n_windows": 3000,
    "l1_raw": 0.1024100225291971,
    "mse_raw": 0.05817563089966036,
    "first_step_l1": 0.09473823474702381,
    "gripper_acc": 0.9339779204848835,
    "per_dim_l1": [
      0.105648,
      0.079322,
      0.083418,
      0.094611,
      0.093483,
      0.126781,
      0.133606
    ],
    "per_chunk_step_l1": [
      0.094738,
      0.100107,
      0.099073,
      0.098303,
      0.10039,
      0.10162,
      0.105091,
      0.107349,
      0.108128,
      0.111739
    ]
  },
  "ABC-H10__envB": {
    "tag": "ABC-H10",
    "env": "B",
    "chunk_size": 10,
    "n_windows": 3000,
    "l1_raw": 0.11910174026454264,
    "mse_raw": 0.07219108669659284,
    "first_step_l1": 0.10930335053943452,
    "gripper_acc": 0.9182870954940654,
    "per_dim_l1": [
      0.117933,
      0.09081,
      0.101953,
      0.110492,
      0.108086,
      0.139491,
      0.164947
    ],
    "per_chunk_step_l1": [
      0.109303,
      0.113213,
      0.113591,
      0.116474,
      0.118427,
      0.120046,
      0.121835,
      0.124204,
      0.126287,
      0.130884
    ]
  },
  "ABC-H10__envC": {
    "tag": "ABC-H10",
    "env": "C",
    "chunk_size": 10,
    "n_windows": 3000,
    "l1_raw": 0.104586115750489,
    "mse_raw": 0.05860583563313154,
    "first_step_l1": 0.09686192103794643,
    "gripper_acc": 0.9306744698529678,
    "per_dim_l1": [
      0.102543,
      0.081378,
      0.089126,
      0.097675,
      0.096856,
      0.124107,
      0.140416
    ],
    "per_chunk_step_l1": [
      0.096862,
      0.099237,
      0.101437,
      0.101881,
      0.103291,
      0.105311,
      0.107378,
      0.107944,
      0.111074,
      0.114115
    ]
  },
  "ABC-H20__envA": {
    "tag": "ABC-H20",
    "env": "A",
    "chunk_size": 20,
    "n_windows": 3000,
    "l1_raw": 0.1126342982076358,
    "mse_raw": 0.07312369168237177,
    "first_step_l1": 0.09752245512462798,
    "gripper_acc": 0.9084462403929958,
    "per_dim_l1": [
      0.109827,
      0.080951,
      0.089413,
      0.095309,
      0.096534,
      0.131542,
      0.184863
    ],
    "per_chunk_step_l1": [
      0.097522,
      0.101643,
      0.102287,
      0.102384,
      0.10349,
      0.104251,
      0.107385,
      0.107414,
      0.108427,
      0.110439,
      0.1118,
      0.114272,
      0.118324,
      0.12117,
      0.12304,
      0.125117,
      0.125239,
      0.127157,
      0.130045,
      0.135242
    ]
  },
  "ABC-H20__envB": {
    "tag": "ABC-H20",
    "env": "B",
    "chunk_size": 20,
    "n_windows": 3000,
    "l1_raw": 0.128923960851226,
    "mse_raw": 0.08827666621031706,
    "first_step_l1": 0.11308263578869047,
    "gripper_acc": 0.8901077103128161,