{
  "ACT-A_A_only__envA": {
    "tag": "ACT-A (A only)",
    "env": "A",
    "chunk_size": 10,
    "n_windows": 3000,
    "l1_raw": 0.09036841591139846,
    "mse_raw": 0.04669670056300444,
    "first_step_l1": 0.0870416259765625,
    "gripper_acc": 0.9470741034706689,
    "per_dim_l1": [
      0.090672,
      0.073992,
      0.075681,
      0.090435,
      0.087052,
      0.106681,
      0.108065
    ],
    "per_chunk_step_l1": [
      0.087042,
      0.09044,
      0.08779,
      0.086982,
      0.087395,
      0.088218,
      0.091076,
      0.092867,
      0.094659,
      0.098765
    ]
  },
  "ACT-A_A_only__envB": {
    "tag": "ACT-A (A only)",
    "env": "B",
    "chunk_size": 10,
    "n_windows": 3000,
    "l1_raw": 0.19756888164642097,
    "mse_raw": 0.15388739246352423,
    "first_step_l1": 0.1628933803013393,
    "gripper_acc": 0.8379811681518092,
    "per_dim_l1": [
      0.183149,
      0.143021,
      0.155944,
      0.131754,
      0.1471,
      0.296148,
      0.325861
    ],
    "per_chunk_step_l1": [
      0.162893,
      0.171817,
      0.178121,
      0.18613,
      0.192647,
      0.200299,
      0.208864,
      0.220917,
      0.22977,
      0.236592
    ]
  },
  "ACT-A_A_only__envC": {
    "tag": "ACT-A (A only)",
    "env": "C",
    "chunk_size": 10,
    "n_windows": 3000,
    "l1_raw": 0.16251786738389407,
    "mse_raw": 0.11880903111081866,
    "first_step_l1": 0.1396655738467262,
    "gripper_acc": 0.8750406415953181,
    "per_dim_l1": [
      0.161021,
      0.129403,
      0.132014,
      0.114615,
      0.121088,
      0.227546,
      0.251937
    ],
    "per_chunk_step_l1": [
      0.139666,
      0.145336,
      0.152456,
      0.156432,
      0.16364,
      0.166997,
      0.171451,
      0.174255,
      0.179799,
      0.182388
    ]
  },
  "ACT-ABC_ABC__envA": {
    "tag": "ACT-ABC (A+B+C)",
    "env": "A",
    "chunk_size": 10,
    "n_windows": 3000,
    "l1_raw": 0.10241092849669632,
    "mse_raw": 0.05817759382924196,
    "first_step_l1": 0.09473916480654762,
    "gripper_acc": 0.9339057652067249,
    "per_dim_l1": [
      0.105651,
      0.079324,
      0.083417,
      0.094611,
      0.093483,
      0.126784,
      0.133607
    ],
    "per_chunk_step_l1": [
      0.094739,
      0.100108,
      0.099074,
      0.098297,
      0.100418,
      0.101604,
      0.105096,
      0.10735,
      0.108124,
      0.111736
    ]
  },
  "ACT-ABC_ABC__envB": {
    "tag": "ACT-ABC (A+B+C)",
    "env": "B",
    "chunk_size": 10,
    "n_windows": 3000,
    "l1_raw": 0.11910256567181872,
    "mse_raw": 0.07219611966778847,
    "first_step_l1": 0.10930269949776786,
    "gripper_acc": 0.9182870954940654,
    "per_dim_l1": [
      0.117931,
      0.090809,
      0.101951,
      0.110491,
      0.108087,
      0.139486,
      0.164962
    ],
    "per_chunk_step_l1": [
      0.109303,
      0.113214,
      0.113601,
      0.116475,
      0.118427,
      0.120047,
      0.121822,
      0.124208,
      0.12629,
      0.130884
    ]
  },
  "ACT-ABC_ABC__envC": {
    "tag": "ACT-ABC (A+B+C)",
    "env": "C",
    "chunk_size": 10,
    "n_windows": 3000,
    "l1_raw": 0.10459118587014302,
    "mse_raw": 0.05861495277672411,
    "first_step_l1": 0.09686492047991072,
    "gripper_acc": 0.9306383439904627,
    "per_dim_l1": [
      0.102546,
      0.081376,
      0.089129,
      0.097676,
      0.096857,
      0.124107,
      0.140447
    ],
    "per_chunk_step_l1": [
      0.096865,
      0.09925,
      0.10144,
      0.101881,
      0.10331,
      0.10532,
      0.107373,
      0.107955,
      0.111068,
      0.114118
    ]
  },
  "ABC-H5__envA": {
    "tag": "ABC-H5",
    "env": "A",
    "chunk_size": 5,
    "n_windows": 3000,
    "l1_raw": 0.09727576146663937,
    "mse_raw": 0.04937862437951486,
    "first_step_l1": 0.09144998023623511,
    "gripper_acc": 0.9470848300635535,
    "per_dim_l1": [
      0.10063,
      0.079333,
      0.085893,
      0.09537,
      0.093924,
      0.11871,
      0.10707
    ],
    "per_chunk_step_l1": [
      0.09145,
      0.097199,
      0.097799,
      0.099616,
      0.100689
    ]
  },
  "ABC-H5__envB": {
    "tag": "ABC-H5",
    "env": "B",
    "chunk_size": 5,
    "n_windows": 3000,
    "l1_raw": 0.112223189324912,
    "mse_raw": 0.05936347103684091,
    "first_step_l1": 0.10608923921130953,
    "gripper_acc": 0.9427072547801477,
    "per_dim_l1": [
      0.113405,
      0.091883,
      0.10221,
      0.111854,
      0.10882,
      0.140987,
      0.116404
    ],
    "per_chunk_step_l1": [
      0.106089,
      0.110583,
      0.111349,
      0.114784,
      0.118827
    ]
  },
  "ABC-H5__envC": {
    "tag": "ABC-H5",
    "env": "C",
    "chunk_size": 5,
    "n_windows": 3000,
    "l1_raw": 0.09898414762356945,
    "mse_raw": 0.048380723334525456,
    "first_step_l1": 0.09445118350074404,
    "gripper_acc": 0.9486187845303867,
    "per_dim_l1": [
      0.099161,
      0.081563,
      0.091269,
      0.098043,
      0.097059,
      0.121184,
      0.10461
    ],
    "per_chunk_step_l1": [
      0.094451,
      0.097133,
      0.098935,
      0.100204,
      0.104616
    ]
  },
  "ABC-H10__envA": {
    "tag": "ABC-H10",
    "env": "A",
    "chunk_size": 10,
    "n_windows": 3000,
    "l1_raw": 0.10241092849669632,
    "mse_raw": 0.05817759382924196,
    "first_step_l1": 0.09473916480654762,
    "gripper_acc": 0.9339057652067249,
    "per_dim_l1": [
      0.105651,
      0.079324,
      0.083417,
      0.094611,
      0.093483,
      0.126784,
      0.133607
    ],
    "per_chunk_step_l1": [
      0.094739,
      0.100108,
      0.099074,
      0.098297,
      0.100418,
      0.101604,
      0.105096,
      0.10735,
      0.108124,
      0.111736
    ]
  },
  "ABC-H10__envB": {
    "tag": "ABC-H10",
    "env": "B",
    "chunk_size": 10,
    "n_windows": 3000,
    "l1_raw": 0.11910256567181872,
    "mse_raw": 0.07219611966778847,
    "first_step_l1": 0.10930269949776786,
    "gripper_acc": 0.9182870954940654,
    "per_dim_l1": [
      0.117931,
      0.090809,
      0.101951,
      0.110491,
      0.108087,
      0.139486,
      0.164962
    ],
    "per_chunk_step_l1": [
      0.109303,
      0.113214,
      0.113601,
      0.116475,
      0.118427,
      0.120047,
      0.121822,
      0.124208,
      0.12629,
      0.130884
    ]
  },
  "ABC-H10__envC": {
    "tag": "ABC-H10",
    "env": "C",
    "chunk_size": 10,
    "n_windows": 3000,
    "l1_raw": 0.10459118587014302,
    "mse_raw": 0.05861495277672411,
    "first_step_l1": 0.09686492047991072,
    "gripper_acc": 0.9306383439904627,
    "per_dim_l1": [
      0.102546,
      0.081376,
      0.089129,
      0.097676,
      0.096857,
      0.124107,
      0.140447
    ],
    "per_chunk_step_l1": [
      0.096865,
      0.09925,
      0.10144,
      0.101881,
      0.10331,
      0.10532,
      0.107373,
      0.107955,
      0.111068,
      0.114118
    ]
  },
  "ABC-H20__envA": {
    "tag": "ABC-H20",
    "env": "A",
    "chunk_size": 20,
    "n_windows": 3000,
    "l1_raw": 0.11263799014822236,
    "mse_raw": 0.07313116399325954,
    "first_step_l1": 0.09752277483258928,
    "gripper_acc": 0.9084264321369147,
    "per_dim_l1": [
      0.109829,
      0.080951,
      0.089412,
      0.095309,
      0.096534,
      0.131537,
      0.18489
    ],
    "per_chunk_step_l1": [
      0.097523,
      0.101646,
      0.102286,
      0.102375,
      0.103489,
      0.10425,
      0.107384,
      0.107429,
      0.108436,
      0.110445,
      0.11181,
      0.114298,
      0.11832,
      0.121178,
      0.123052,
      0.125126,
      0.125244,
      0.12715,
      0.130034,
      0.13525
    ]
  },
  "ABC-H20__envB": {
    "tag": "ABC-H20",
    "env": "B",
    "chunk_size": 20,
    "n_windows": 3000,
    "l1_raw": 0.12892474677024918,
    "mse_raw": 0.08827598544947306,
    "first_step_l1": 0.11308040364583334,
    "gripper_acc": 0.8901077103128161,